barcode,gene,STM65a_4.1.1,STM65a_4.1.2,STM65a_4.2.1,STM65a_4.2.2,STM65a_4.3.1,STM65a_4.3.2,STM65a_5.1.1,STM65a_5.1.2,STM65a_5.2.1,STM65a_5.2.2,STM65a_5.3.1,STM65a_5.3.2,STM65a_6.1.1,STM65a_6.1.2,STM65a_6.2.1,STM65a_6.2.2,STM65a_6.3.1,STM65a_6.3.2,STM65a_7.1.1,STM65a_7.1.2,STM65a_7.2.1,STM65a_7.2.2,STM65a_7.3.1,STM65a_7.3.2,STM65a_8.1.1,STM65a_8.1.2,STM65a_8.2.1,STM65a_8.2.2,STM65a_8.3.1,STM65a_8.3.2,STM65_INPUT.1,STM65_INPUT.2
no_match,,29818,34075,39369,44967,23314,27092,26874,31426,38185,45471,27968,33385,25111,29854,29045,34818,21387,26211,51449,64008,64056,79848,47547,58335,18259,21293,39307,48479,22243,25189,12152,17224
aaaacgaggag,PBANKA_020390,292,270,126,109,85,78,120,110,86,84,54,49,12,12,12,12,14,12,25,23,57,50,45,39,1,1,0,0,0,0,810,742
aaaatgatcgg,PBANKA_120820,0,0,27,26,0,0,12,12,0,0,0,0,0,0,0,0,0,0,0,0,0,0,0,0,0,0,0,0,0,0,0,0
aaaccaagggc,PBANKA_051620,0,0,0,0,0,1,0,0,0,0,0,0,0,0,0,0,0,0,0,0,0,0,0,0,0,0,0,0,0,0,0,0
aaaccccagtt,PBANKA_144310,0,0,0,0,0,0,5,3,0,0,0,0,3,3,0,0,0,0,0,0,0,0,0,0,0,0,0,0,0,0,0,0
aaacccttcgc,PBANKA_132660,0,0,0,0,0,0,0,0,0,0,0,0,0,0,0,0,0,0,0,0,0,0,0,1,0,0,0,0,0,0,0,0
aaactcaacct,PBANKA_030560,766,726,606,581,253,241,154,145,57,51,112,105,16,16,10,6,5,4,46,44,12,12,19,19,1,0,0,0,0,0,1830,1729
aaatcgtgcta,PBANKA_130380,0,0,0,0,0,0,0,0,0,0,0,0,0,0,0,0,0,0,0,0,0,0,0,0,0,0,0,0,0,0,0,0
aacacaaccgc,PBANKA_140160,54,53,73,71,138,133,134,124,8,8,78,75,31,27,11,11,7,5,16,16,14,12,5,4,543,514,0,0,0,0,75,69
aacagcctgcg,PBANKA_113650,0,0,0,0,0,0,0,0,0,0,1,0,0,0,0,0,0,0,1,0,1,1,1,0,0,0,0,0,1,0,0,0
aacagggttcc,PBANKA_040750,980,910,1992,1842,827,763,1162,1064,1953,1786,1277,1188,1088,1012,1145,1051,738,662,1528,1393,1691,1561,919,826,295,276,602,551,369,343,643,583
aacataaaagt,PBANKA_031480,0,0,0,0,0,0,0,0,0,0,0,0,0,0,0,0,0,0,0,0,0,0,0,0,0,0,0,0,0,0,0,0
aacatccggcg,PBANKA_113230,359,324,958,875,599,556,563,519,2052,1877,1147,1039,1055,974,2068,1906,947,863,2209,2020,5537,5026,2300,2083,1,0,2044,1837,538,492,760,693
aacatcgtcgg,PBANKA_070830,0,0,0,0,0,0,0,0,0,0,0,0,0,0,0,0,0,0,0,1,0,0,0,0,0,0,0,0,0,0,0,0
aacctccagaa,PBANKA_090630,0,0,0,0,0,0,0,0,0,0,0,0,0,0,0,0,0,0,0,0,0,0,0,0,0,0,0,0,0,0,0,0
aacgattcctt,PBANKA_091790,0,0,0,0,0,0,0,0,0,0,0,0,0,0,0,0,0,0,0,0,0,0,0,0,0,0,0,0,0,0,0,0
aacgctcaaaa,PBANKA_071870,2650,2498,2750,2613,1928,1814,2295,2173,4429,4196,4317,4089,3647,3497,4302,4098,3841,3615,7179,6707,10422,9837,10576,9938,1774,1661,5931,5558,5032,4794,1884,1775
aacgtccaacg,PBANKA_130830,0,0,0,0,0,0,0,0,0,0,0,0,0,0,1,0,0,0,0,0,0,0,0,0,0,0,0,0,0,0,0,0
aacgttgcaac,PBANKA_124480,0,0,0,0,66,60,45,42,2,2,0,0,4,3,0,0,2,2,0,0,0,0,0,0,0,0,0,0,0,0,0,0
aacttcccccc,PBANKA_136240,0,0,0,0,0,0,0,0,0,0,0,0,0,0,0,0,0,0,0,0,0,0,0,0,0,0,0,0,0,0,0,0
aagagacgcta,PBANKA_131310,44,42,206,198,135,123,0,0,23,22,14,10,0,0,1,1,0,0,1,1,5,4,1,1,0,0,0,0,0,0,1437,1325
aagccaggacg,PBANKA_010780,373,345,215,210,293,274,143,134,214,195,176,168,48,48,17,16,43,42,43,39,31,27,27,24,0,0,0,0,0,0,626,578
aaggatctatc,PBANKA_136210,0,0,0,0,0,0,5,4,0,0,0,0,0,0,1,0,0,0,0,0,0,0,0,0,0,0,0,0,0,0,0,0
aaggcacaaaa,PBANKA_011030,0,0,0,0,0,0,0,0,0,0,0,0,0,0,0,0,0,0,0,0,0,0,0,0,0,1,0,0,0,0,0,0
aaggcgtcacg,PBANKA_134350,0,0,0,0,0,0,22,18,0,0,9,8,5,5,1,1,0,0,0,0,0,0,0,0,0,0,0,0,0,0,0,0
aagtatggtcg,PBANKA_143780,654,605,1637,1490,650,587,629,561,900,806,775,702,373,358,460,421,339,312,487,444,490,452,321,284,1,1,0,0,1,1,748,688
aatagcctctt,PBANKA_142710,19,19,57,54,0,0,0,0,3,2,6,6,0,0,5,5,0,0,0,0,0,0,0,0,0,0,0,0,0,0,0,0
aatcagcgcta,PBANKA_051100,0,0,0,0,0,0,0,0,0,0,0,0,0,0,0,0,0,0,0,0,0,0,0,0,0,0,0,0,0,0,0,0
aatcctttact,PBANKA_040820,0,0,0,0,0,0,0,0,1,1,0,0,3,3,5,5,1,1,3,3,0,0,0,0,0,0,0,0,0,0,0,0
aatctaggcgt,PBANKA_121650,0,0,35,34,14,14,0,0,0,0,2,2,4,4,0,0,1,1,0,0,0,0,0,0,0,0,0,0,0,0,0,0
acaccgatcac,PBANKA_093660,0,0,0,0,0,0,0,0,0,0,1,1,0,0,0,0,0,0,0,0,0,0,0,0,0,0,0,0,0,0,0,0
acacgaacacg,PBANKA_134180,0,0,0,0,13,12,6,7,6,5,0,0,0,0,2,2,0,0,0,0,0,0,0,0,0,0,0,0,0,0,0,0
acacgacaagc,PBANKA_103780,238,221,737,684,381,356,426,401,427,401,276,265,166,147,433,409,225,213,132,125,1013,950,427,395,1201,1130,1674,1546,2200,2080,74,69
acatcagaaag,PBANKA_134380,0,0,26,23,17,16,29,27,0,0,0,0,0,0,17,17,0,0,0,0,0,0,0,0,0,0,0,0,0,0,0,0
acatgcgtcct,PBANKA_123600,1,1,0,0,0,1,0,0,0,0,0,0,0,0,0,0,0,0,0,0,0,0,0,0,0,0,0,0,0,0,0,0
acattgacaag,PBANKA_112170,64,58,81,79,65,61,0,0,7,7,29,27,0,0,1,1,4,4,0,0,0,0,8,8,0,0,1,1,0,0,771,709
accaaccatca,PBANKA_040170,0,0,0,0,0,0,0,0,0,0,0,0,0,0,0,0,0,0,0,0,0,0,0,0,0,0,0,0,0,0,2,0
accaaccgtca,PBANKA_050350,78,75,0,0,68,64,3,3,17,14,0,0,2,2,14,14,1,1,6,4,35,35,0,1,0,0,0,0,0,0,658,622
acccttcacta,PBANKA_142420,84,84,1,1,50,45,0,0,33,29,11,11,0,0,0,0,3,3,5,4,7,7,2,2,0,0,0,0,0,0,690,641
accgaaactgt,PBANKA_094280,0,0,0,0,0,0,0,0,0,0,5,3,0,0,0,0,0,0,0,0,0,0,0,0,0,0,0,0,0,0,0,0
accgaggcggg,PBANKA_144280,300,272,268,248,176,158,234,206,368,334,235,215,325,292,348,316,264,235,757,677,484,436,427,375,292,249,393,349,0,0,104,93
accgcagtccc,PBANKA_092160,80,73,26,25,0,0,0,0,0,0,0,0,0,0,4,4,0,0,0,0,0,0,0,0,0,0,0,0,0,0,0,0
accgccatcca,PBANKA_031380,12,12,0,0,0,0,0,0,0,0,0,0,0,0,0,0,0,0,0,0,0,0,0,0,0,0,0,0,0,0,0,0
accggacagat,PBANKA_080370,0,0,0,0,0,0,0,0,0,0,0,0,0,0,0,0,0,0,0,0,0,0,0,0,0,0,0,0,0,0,0,0
acctcttccca,PBANKA_112220,366,336,293,276,296,287,188,168,472,450,268,258,102,98,69,69,94,87,172,163,142,135,143,139,0,0,0,1,0,0,635,596
acctggacgga,PBANKA_082320,0,0,0,0,0,0,0,0,0,0,0,0,0,0,0,0,0,0,0,0,0,0,0,0,0,0,0,0,0,0,0,0
acgacttggac,PBANKA_091910,0,0,53,51,0,0,12,12,0,0,3,3,1,1,3,3,2,2,0,0,0,0,0,0,0,0,0,0,0,0,0,0
acgatttgtta,PBANKA_050370,945,879,2014,1881,1698,1595,1873,1754,3634,3417,2732,2570,2209,2083,3066,2859,2453,2279,4778,4433,7208,6727,4891,4521,934,880,4327,3989,1727,1613,621,585
acggaccaagg,PBANKA_030850,0,0,0,0,0,0,0,0,0,0,0,0,0,0,2,2,2,2,0,0,0,0,0,0,0,0,0,0,0,0,0,0
acgggcggata,PBANKA_121330,0,0,0,0,0,0,0,0,0,0,0,0,4,4,0,0,0,0,0,0,0,0,0,0,0,0,0,0,0,0,0,0
acgtatcaggg,PBANKA_082710,0,0,0,0,0,0,0,0,0,0,4,4,0,0,4,3,0,0,1,0,0,0,0,0,0,0,0,0,0,0,0,0
actatcgccaa,PBANKA_144400,0,0,0,0,0,0,0,0,0,0,0,0,0,0,0,0,0,0,0,0,0,0,0,0,0,0,0,0,0,0,0,0
actcaccgcct,PBANKA_010400,0,0,0,0,0,0,0,0,0,0,0,0,0,0,0,0,0,0,0,0,0,0,0,0,0,0,0,0,0,0,0,0
actgaagaagg,PBANKA_103760,30,27,0,0,0,0,0,0,0,0,0,0,0,0,0,0,0,0,0,0,0,0,0,0,0,0,0,0,0,0,0,0
actgcttagcg,PBANKA_114260,0,0,0,0,1,1,37,32,10,9,6,5,0,0,0,0,1,1,0,0,0,0,0,0,0,0,0,0,0,0,0,0
actggattata,PBANKA_101370,32,30,0,0,0,0,0,0,0,0,0,0,0,0,0,0,0,0,0,0,0,0,0,0,0,0,0,0,0,0,0,0
acttacggctg,PBANKA_132360,842,793,1220,1145,545,504,1077,1003,1887,1775,1308,1223,1966,1871,1915,1800,1246,1164,4460,4150,4542,4245,2601,2417,1282,1204,1961,1809,1456,1380,430,409
agactacagac,PBANKA_101330,0,0,0,0,0,0,0,0,0,0,0,0,0,0,9,8,0,0,3,2,0,0,0,0,0,0,0,0,0,0,0,0
agagcgaccgt,PBANKA_124280,0,0,0,0,0,0,0,0,0,0,0,0,0,0,0,0,0,0,0,0,0,0,0,0,0,0,0,0,0,0,0,0
agaggtcgggt,PBANKA_112690,0,0,0,0,0,0,0,0,0,0,0,0,0,0,1,0,0,0,0,0,0,0,0,0,0,0,0,0,0,0,0,0
agatctaattc,PBANKA_103750,0,0,17,16,0,0,55,49,11,12,0,0,3,3,1,1,2,2,0,0,0,0,0,0,0,0,0,0,0,0,0,0
agcatgactca,PBANKA_133400,0,0,41,38,20,22,36,32,15,14,0,0,6,5,0,0,1,1,0,0,0,0,0,0,0,0,0,0,0,0,0,0
agcccaccctc,PBANKA_081620,0,0,0,0,0,0,0,0,1,0,0,0,0,0,0,0,0,0,0,0,0,0,0,0,0,0,0,0,0,0,0,0
agcccactttt,PBANKA_051220,92,90,389,380,463,454,443,425,1026,986,1139,1095,850,821,934,884,982,928,1395,1326,2804,2664,2078,1988,831,780,1268,1202,2,1,671,637
agcccgttgta,PBANKA_123730,0,0,0,0,17,15,4,4,11,9,0,0,0,0,1,1,0,0,0,0,0,0,0,0,0,0,0,0,0,0,0,0
agccttcaaat,PBANKA_041810,0,0,1,0,0,0,0,0,0,0,0,0,0,0,0,0,0,0,0,0,0,0,1,0,0,0,0,0,0,0,0,0
agctactaagg,PBANKA_070660,1469,1345,1267,1178,714,643,930,866,2002,1847,1564,1471,1201,1107,1962,1815,1429,1322,2502,2321,5047,4651,3110,2841,698,646,3268,3000,956,892,768,718
agctctctaaa,PBANKA_010960,0,0,0,0,0,0,0,0,0,0,0,0,0,0,1,0,0,0,0,0,0,0,0,0,0,0,0,0,0,0,0,0
agctgcgccgg,PBANKA_101450,0,0,0,0,0,0,9,8,5,5,0,0,0,0,0,0,0,0,0,0,0,0,0,0,0,0,0,0,0,0,0,0
agctggagttt,PBANKA_131510,0,0,0,0,0,0,0,0,0,0,0,0,0,0,0,0,0,0,0,0,0,0,0,0,0,0,0,0,0,0,0,0
agcttccagct,PBANKA_123840,0,0,0,0,0,0,0,0,0,0,0,0,0,0,0,0,0,0,0,0,0,0,0,0,0,0,0,1,0,0,0,0
aggaatttaac,PBANKA_010040,0,0,0,0,0,0,30,26,0,0,0,0,1,1,2,1,0,0,0,0,0,0,0,0,0,0,0,0,0,0,0,0
aggcacatctg,PBANKA_092520,0,0,0,0,0,0,0,0,0,0,0,0,0,0,4,3,0,0,0,0,0,0,0,0,0,0,0,0,0,0,0,0
aggcatctcgt,PBANKA_133930,0,0,0,0,0,0,0,0,0,0,0,0,0,0,0,0,0,0,0,0,0,0,0,0,0,0,0,0,0,0,0,0
aggccttccat,PBANKA_052030,0,0,0,0,0,0,0,0,0,0,0,0,0,0,0,0,0,0,1,0,0,0,0,0,0,0,0,0,0,0,0,0
aggcgcagcac,PBANKA_070610,0,0,0,0,0,0,9,9,0,0,0,0,1,1,0,0,0,0,0,0,0,0,0,0,0,0,0,0,0,0,0,0
aggcggctgca,PBANKA_135240,0,0,9,7,22,19,0,0,1,1,0,0,2,2,0,0,1,1,0,0,0,0,0,0,0,0,0,0,0,0,0,0
aggctaatcaa,PBANKA_093250,0,0,0,0,0,0,0,0,0,0,0,0,0,0,0,0,0,0,0,0,0,0,0,0,0,0,0,0,0,0,0,0
agggttcctat,PBANKA_051500,207,187,54,49,147,140,140,126,118,107,67,65,112,107,140,129,86,82,110,101,309,282,134,109,2,2,0,0,1,1,39,36
aggtattctga,PBANKA_114120,0,0,0,0,0,0,0,0,0,0,0,0,0,0,0,0,0,0,0,0,0,0,0,0,0,0,0,0,0,0,0,0
aggtcgatggc,PBANKA_132420,14,9,0,0,0,0,0,0,0,0,0,0,0,0,0,0,0,0,0,0,0,0,0,0,0,0,0,0,0,0,0,0
aggtcgtcctc,PBANKA_131970,604,555,1038,960,819,752,1127,1060,1940,1808,1599,1491,2011,1884,1598,1485,1303,1213,3979,3673,3592,3308,2649,2437,565,521,2426,2228,1061,991,559,528
aggtgcgattt,PBANKA_113780,0,0,0,0,0,0,0,0,7,7,0,0,0,0,0,0,0,0,0,0,0,0,0,0,0,0,0,0,0,0,0,0
aggttctaccc,PBANKA_133430,0,0,0,0,7,8,5,5,0,0,0,0,2,2,0,0,1,1,0,0,0,0,0,0,0,0,0,0,0,0,0,0
agtaagccttc,PBANKA_110420,38,36,142,126,52,49,69,68,77,76,32,29,23,22,24,22,5,4,15,15,40,36,0,1,0,0,0,0,129,118,62,55
agtactactct,PBANKA_130400,85,80,115,111,0,0,1,1,0,0,0,0,0,0,0,0,0,0,0,0,0,0,1,1,0,0,0,0,0,0,432,405
agtcacgcggg,PBANKA_090970,0,0,48,45,0,0,6,5,0,0,8,7,1,1,0,0,6,5,6,5,5,5,2,2,0,0,0,0,0,0,417,388
agtgaggtatg,PBANKA_113840,0,0,21,21,0,0,28,27,6,5,0,0,2,2,2,2,2,2,0,0,0,0,0,0,0,0,0,0,0,0,0,0
agtgcgtacgc,PBANKA_020460,0,0,0,0,0,0,2,2,27,25,0,0,0,0,0,0,0,0,0,0,0,0,0,0,0,0,0,0,0,0,0,0
ataaatcatga,PBANKA_144460,0,0,19,17,11,11,23,21,6,6,11,11,0,0,0,0,0,0,0,0,0,0,0,0,0,0,0,0,0,0,0,0
atacagacaga,PBANKA_041630,108,106,28,27,10,10,36,31,0,0,24,24,3,3,5,5,0,0,0,0,0,0,1,1,0,0,0,0,0,0,0,0
atacggatttc,PBANKA_134360,0,0,0,0,0,0,25,22,0,0,0,0,0,0,1,1,0,0,0,0,0,0,0,0,0,0,0,0,0,0,0,0
atagatcgttt,PBANKA_083300,415,380,626,591,428,400,229,206,662,620,506,475,214,203,218,202,212,192,209,193,288,268,232,220,0,0,1,1,0,0,770,714
atatgcaggtt,PBANKA_146550,0,0,0,0,0,0,18,19,7,7,0,0,4,3,0,0,0,0,0,0,0,0,0,0,0,0,0,0,0,0,0,0
atatgtgtcct,PBANKA_123110,3565,3245,4724,4323,2274,2051,2278,2083,3898,3605,2547,2354,966,898,1102,996,898,818,540,500,692,628,383,353,2,1,5,2,4,4,808,739
atcagcgactg,PBANKA_110950,42,42,88,81,57,52,27,25,51,50,36,35,11,11,7,7,38,38,9,8,13,12,32,31,0,0,0,0,0,0,386,357
atccgcgtgta,PBANKA_094130,0,0,0,0,0,0,9,7,0,0,0,0,0,0,0,0,0,0,0,0,0,0,0,0,0,0,0,0,0,0,0,0
atcgaatcgcc,PBANKA_031420,0,0,0,0,0,0,0,0,0,0,0,0,0,0,5,6,0,0,0,0,0,0,0,0,0,0,0,0,0,0,0,0
atcgcgtcagt,PBANKA_113700,0,0,0,0,0,0,16,15,0,0,0,0,0,0,0,0,0,0,1,0,0,0,0,0,0,0,0,0,0,0,0,0
atctggcccca,PBANKA_070450,190,174,345,321,130,122,0,0,5,5,15,15,0,0,5,5,0,0,0,0,3,3,0,0,0,0,0,0,0,0,896,848
atgattttacg,PBANKA_031160,117,103,124,118,1,1,0,0,39,34,1,0,0,0,8,6,1,1,0,0,12,13,0,0,0,0,1,0,0,0,800,749
atggatcgacg,PBANKA_140550,33,32,0,0,0,0,0,0,0,0,0,0,0,0,0,0,0,0,0,0,0,0,0,0,0,0,0,0,0,0,0,0
atggggtacgt,PBANKA_100830,0,0,0,0,0,0,0,0,0,0,0,0,0,0,0,0,0,0,0,0,0,0,0,0,0,0,0,0,0,0,0,0
atggtaggctc,PBANKA_141980,0,0,0,0,48,44,23,18,0,0,0,0,2,2,0,0,0,0,0,0,0,0,0,0,0,0,0,0,0,0,0,0
atggttgcaga,PBANKA_133030,31,30,98,95,30,29,0,0,8,8,0,0,1,1,0,0,3,3,0,0,0,0,0,0,0,0,0,0,1,1,582,539
atgtacgtctg,PBANKA_021130,0,0,0,0,0,0,0,0,0,0,0,0,0,0,0,0,0,0,0,0,0,0,0,0,0,0,0,0,0,0,0,0
atgtgtgacca,PBANKA_001030,0,0,0,0,0,0,0,0,0,0,0,0,0,0,0,0,0,0,0,0,0,0,0,0,0,0,0,0,0,0,0,0
atgttgatcac,PBANKA_060390,0,0,0,0,0,0,0,0,0,0,0,0,0,0,2,2,0,0,0,0,0,0,0,0,0,0,0,0,0,0,0,0
attctccccga,PBANKA_083040,0,0,32,29,18,18,7,7,7,5,0,0,1,1,0,0,0,0,0,0,0,0,0,0,0,0,0,0,0,0,0,0
attggatcagg,PBANKA_030690,0,0,0,0,0,0,0,0,0,0,0,0,0,0,0,0,0,0,0,0,0,0,0,0,0,0,0,0,0,0,0,0
caaatatgcaa,PBANKA_052240,0,0,0,0,0,0,0,0,0,0,0,0,0,0,0,0,0,0,0,0,0,0,0,0,0,0,0,0,0,0,0,0
caaccccccgg,PBANKA_124070,0,0,0,0,0,0,0,0,0,0,6,5,0,0,3,3,0,0,0,0,0,0,0,0,0,0,0,0,0,0,0,0
caaccctggtc,PBANKA_122850,0,0,0,0,0,0,0,0,0,0,0,0,2,2,0,0,0,0,0,0,0,0,0,0,0,0,0,0,0,0,0,0
caaccgaagtg,PBANKA_100610,0,0,0,0,0,0,0,0,0,0,0,0,0,0,0,0,0,0,0,0,0,0,0,0,0,0,0,0,0,0,0,0
caacgaccagt,PBANKA_102290,0,0,0,0,0,0,0,0,0,0,0,0,0,0,0,0,0,0,0,0,0,0,0,0,0,0,0,1,0,0,0,0
caagagtgcct,PBANKA_030670,0,0,8,7,14,13,5,4,8,8,0,0,1,0,5,5,0,0,0,0,0,0,0,0,0,0,0,0,0,0,0,0
caaggtactcc,PBANKA_070640,0,0,0,0,0,0,0,0,0,0,0,0,0,0,0,0,0,0,0,0,0,0,0,0,0,0,0,0,0,0,0,0
caatatgctct,PBANKA_142960,0,0,0,0,0,0,2,2,0,0,0,0,0,0,0,0,0,0,0,0,0,0,0,0,0,0,0,0,0,0,0,0
caatcatgttg,PBANKA_114060,0,0,0,0,0,0,7,7,0,0,0,0,0,0,0,0,0,0,0,0,0,0,0,0,0,0,0,0,0,0,0,0
caatccggtga,PBANKA_080110,0,0,29,27,21,17,14,11,0,0,1,1,1,1,1,1,1,1,1,1,0,0,0,0,0,0,0,0,0,0,0,0
caatttgtttc,PBANKA_140820,0,0,0,0,0,0,0,0,0,0,0,0,0,0,0,0,0,0,0,0,0,0,0,0,0,0,0,0,0,0,0,0
cacaaaacgat,PBANKA_134910,0,0,0,0,0,0,0,0,0,0,0,0,0,0,1,1,0,0,0,0,0,0,0,0,0,0,0,0,0,0,0,0
cacaactagac,PBANKA_040840,186,190,195,197,196,200,265,274,460,460,468,480,666,688,481,492,469,457,1588,1624,1069,1086,911,911,435,439,699,710,1,0,659,675
cacggcaagac,PBANKA_135720,0,0,0,0,0,0,0,0,0,0,1,0,0,0,0,0,0,0,0,0,0,0,0,0,0,0,0,0,0,0,0,0
cacgttctaaa,PBANKA_141250,0,0,0,0,0,0,0,0,0,1,0,0,0,0,0,0,0,0,0,0,0,0,0,0,0,0,0,0,0,0,0,0
cactccgagaa,PBANKA_130920,0,0,0,0,0,0,0,0,0,0,0,0,0,0,1,1,0,0,0,0,0,0,0,0,0,0,0,0,0,0,0,0
cactgcacgat,PBANKA_091590,0,0,0,0,0,0,0,0,0,0,0,0,0,0,0,0,0,0,0,0,0,0,0,1,0,0,0,0,0,0,0,0
cagcaagtcgt,PBANKA_103520,269,243,631,578,330,309,525,478,1023,938,522,482,839,771,1020,947,491,448,1363,1239,2701,2502,1008,926,156,146,1144,1037,86,83,794,736
cagccccatac,PBANKA_060990,0,0,0,0,0,0,0,0,0,0,8,8,0,0,0,0,0,0,0,0,0,0,0,0,0,0,0,0,0,0,0,0
cagctgaccca,PBANKA_021440,0,0,72,66,24,21,90,86,139,128,41,36,107,103,114,106,38,36,237,212,163,149,93,86,169,159,79,72,0,0,657,617
caggaggagga,PBANKA_114150,0,0,0,0,0,0,0,0,8,8,3,3,0,0,0,0,1,1,0,0,0,0,0,0,0,0,0,0,0,0,0,0
caggcgtactc,PBANKA_140910,0,0,0,0,0,0,0,0,0,0,0,0,0,1,0,0,0,0,0,0,0,0,0,0,0,0,0,0,0,0,0,0
catatcagcgt,PBANKA_110690,0,0,0,0,0,0,0,0,0,0,0,0,0,0,1,1,0,0,0,0,3,3,0,0,0,0,0,0,0,0,0,0
catccgaggcc,PBANKA_092090,0,0,0,0,0,0,0,0,0,0,0,0,3,3,0,0,0,0,0,0,0,0,0,0,0,0,0,0,0,0,0,0
catgcactcct,PBANKA_060430,97,92,30,28,19,16,7,7,0,0,18,17,2,2,2,2,0,0,0,0,4,4,1,1,0,0,0,0,0,0,596,561
catggatgggc,PBANKA_113980,0,0,0,0,11,10,0,0,0,0,0,0,0,0,4,4,0,0,4,3,0,0,0,0,0,0,0,0,0,0,0,0
cattgaacgat,PBANKA_100640,319,303,1027,972,1268,1203,1180,1112,2428,2297,2537,2419,1917,1822,2420,2313,1684,1570,3505,3286,6090,5686,3679,3417,1121,1066,3209,2977,1352,1297,539,509
cattgcagtcc,PBANKA_111530,0,0,12,12,0,0,0,0,3,3,0,0,1,1,5,5,0,0,0,0,3,3,0,0,0,0,0,0,0,0,0,0
cattgctttag,PBANKA_134800,1187,1129,1797,1697,703,684,1743,1621,3300,3123,1694,1600,2361,2251,2822,2686,1409,1320,5619,5274,7058,6648,3013,2805,747,694,4508,4206,1151,1098,566,518
ccaagacgcga,PBANKA_143540,0,0,0,0,0,0,7,7,0,0,0,0,0,0,0,0,0,0,0,0,0,0,0,0,0,0,0,0,0,0,0,0
ccaatgggccg,PBANKA_124370,0,0,0,0,0,0,0,0,3,3,0,0,0,0,0,0,0,0,0,0,0,0,0,0,0,0,0,0,0,0,0,0
ccacatatatc,PBANKA_021290,0,0,0,0,0,0,0,0,5,5,8,7,0,0,0,0,0,0,0,0,0,0,0,0,0,0,0,0,0,0,0,0
ccacgcagatt,PBANKA_090760,0,0,0,0,0,0,0,0,0,0,0,0,0,0,0,0,0,0,0,0,1,0,0,0,0,0,0,0,0,0,0,0
ccagaaagtgt,PBANKA_083540,0,0,0,0,0,0,0,0,0,0,0,1,0,0,0,0,0,0,0,0,0,0,0,0,0,0,0,0,0,0,0,0
ccagaactacc,PBANKA_082460,724,691,1065,1009,802,769,1462,1375,2615,2506,2139,2029,2483,2360,2622,2517,1868,1762,5585,5251,5373,5088,3539,3316,1595,1491,2222,2098,2787,2680,791,764
ccagaccctgt,PBANKA_114540,11,10,25,24,0,0,6,6,0,0,0,0,2,2,2,3,1,1,2,2,0,0,0,0,0,0,0,0,0,0,0,0
ccagctctaaa,PBANKA_132270,0,0,0,0,0,0,0,0,0,0,0,0,0,0,0,0,0,0,0,0,0,0,0,0,0,0,0,0,0,0,0,0
ccaggaaatta,PBANKA_011180,0,0,0,0,0,0,0,0,1,1,0,1,1,2,1,0,1,0,0,0,2,1,0,1,0,0,0,0,1,1,0,0
ccaggacctaa,PBANKA_090190,10,10,0,0,0,0,0,0,0,0,0,0,0,0,4,4,0,0,0,0,0,0,0,0,0,0,0,0,0,0,0,0
ccatgcatctg,PBANKA_124400,0,0,0,0,16,13,0,0,0,0,0,0,0,0,0,0,0,0,0,0,0,0,0,0,0,0,0,0,0,0,0,0
cccagaaaatt,PBANKA_050920,0,0,0,1,0,0,0,0,0,0,0,0,0,0,0,0,0,0,0,0,0,0,0,0,0,0,0,0,0,0,0,0
cccaggaaatc,PBANKA_136040,550,520,363,345,293,276,713,675,1478,1382,723,680,1301,1238,1423,1334,637,587,3055,2856,3724,3475,1527,1432,1165,1096,1787,1651,1218,1149,640,601
cccaggataca,PBANKA_110360,0,0,0,0,0,0,0,0,0,0,0,0,0,0,0,0,0,0,0,0,0,0,0,0,0,0,0,0,0,0,0,0
cccaggttgcc,PBANKA_144530,0,0,0,0,0,0,0,0,0,0,0,0,0,0,0,0,0,0,0,0,0,0,0,0,0,0,0,0,0,0,0,0
cccaggttggc,PBANKA_010340,0,0,0,0,0,0,0,0,0,0,0,0,0,0,0,0,0,0,0,0,0,0,0,0,0,0,0,0,0,0,0,0
cccccgctagt,PBANKA_145860,0,0,0,0,0,0,8,9,0,0,0,0,0,0,0,0,0,0,0,0,0,0,0,0,0,0,0,0,0,0,0,0
ccccgtcggtc,PBANKA_142050,0,0,0,0,0,0,0,0,0,0,0,0,0,0,0,0,0,0,0,0,0,0,0,0,0,0,0,0,0,0,0,0
cccctctggtt,PBANKA_122200,673,620,1243,1174,524,489,616,574,1670,1582,1155,1083,811,769,1320,1240,876,817,1727,1582,2792,2576,1656,1542,576,535,920,844,512,482,797,747
ccccttcttaa,PBANKA_070100,0,0,0,0,0,0,0,0,0,0,0,0,0,0,0,0,0,0,0,0,0,0,0,0,0,0,0,0,0,0,0,0
cccgacacaca,PBANKA_040720,0,0,0,0,0,0,0,0,0,0,3,3,0,0,0,0,0,0,0,0,0,0,0,0,0,0,0,0,0,0,0,0
ccctcaaatac,PBANKA_135960,0,0,0,0,9,9,0,0,5,5,6,3,0,0,6,4,0,0,0,0,0,0,0,0,0,0,0,0,0,0,0,0
ccgacgcaatt,PBANKA_142090,0,0,0,0,0,0,0,0,0,0,0,0,0,0,2,2,0,0,0,0,0,0,0,0,0,0,0,0,0,0,0,0
ccgagtttacg,PBANKA_144100,0,0,8,8,0,0,0,0,1,1,0,0,0,0,2,2,0,0,0,0,0,0,0,0,0,0,0,0,0,0,0,0
ccgagtttatg,PBANKA_082050,22,19,0,0,0,0,0,0,0,0,0,0,0,0,0,0,0,0,0,0,0,0,0,0,0,0,0,0,0,0,0,0
ccgcttcatgc,PBANKA_143660,0,0,28,26,0,0,3,3,0,0,1,1,0,0,0,0,0,0,0,0,0,0,0,0,0,0,0,0,0,0,0,0
ccggacgcatg,PBANKA_083440,0,0,0,0,0,0,0,0,0,0,1,1,0,0,0,0,0,0,0,0,0,0,0,0,0,0,0,0,0,0,0,0
ccggactacca,PBANKA_072150,55,51,56,53,47,43,154,142,48,43,87,85,90,90,36,34,39,33,206,180,120,113,124,119,235,225,0,0,0,0,669,631
ccggtattagc,PBANKA_121420,0,0,0,0,0,0,0,0,0,0,0,0,0,0,0,0,0,0,0,0,0,0,0,0,0,0,0,0,0,0,0,0
ccgtcgtccgc,PBANKA_101000,0,0,0,0,0,0,0,0,0,0,0,0,0,0,0,0,0,0,0,0,0,0,0,0,0,0,0,0,0,0,0,0
ccgtgatcgga,PBANKA_120220,90,89,118,106,37,31,8,8,0,0,0,0,1,1,10,10,0,0,5,4,0,0,0,0,1,0,0,0,0,0,699,645
cctcgcccaac,PBANKA_111550,276,267,411,396,218,206,67,66,177,173,109,108,48,45,60,60,16,15,18,18,30,30,13,11,0,0,0,0,1,1,643,604
cctcttacccg,PBANKA_061520,21,19,0,0,0,0,0,0,0,0,0,0,0,0,0,0,0,0,0,0,0,0,0,0,0,0,0,0,0,0,0,0
cctggacttgt,PBANKA_146110,0,0,0,0,0,0,0,0,0,0,0,0,4,4,0,0,0,0,0,0,0,0,0,0,0,0,0,0,0,0,0,0
ccttaggaatg,PBANKA_103080,0,0,0,0,0,0,0,0,0,0,0,0,0,0,0,1,0,0,0,0,0,0,0,0,0,0,0,0,0,0,0,0
ccttcgctcag,PBANKA_050540,0,0,21,21,13,13,0,0,0,0,0,0,0,0,0,0,0,1,0,0,0,0,0,0,0,0,0,0,0,0,617,580
ccttggttcct,PBANKA_100650,0,0,0,0,19,18,0,0,4,4,0,0,0,0,0,0,0,0,1,1,0,0,0,0,0,0,0,0,0,0,35,34
cctttcttgtc,PBANKA_082640,733,702,765,739,473,463,558,532,985,936,1204,1150,1176,1134,1074,1032,1140,1082,2929,2758,3094,2915,2662,2530,674,623,1262,1177,350,344,528,497
cgaatattaag,PBANKA_134790,0,0,0,0,0,0,0,0,0,0,0,0,0,0,0,0,0,0,0,0,0,0,0,0,0,0,0,0,0,0,0,0
cgaatctgagt,PBANKA_102980,0,0,0,0,0,0,5,5,0,0,0,0,2,2,0,0,0,0,0,0,0,0,0,0,0,0,0,0,0,0,0,0
cgacaagttcc,PBANKA_092790,176,167,711,677,140,136,121,111,959,899,255,240,234,225,806,743,207,187,628,583,2240,2060,550,506,180,166,482,435,113,109,606,555
cgaccaatgag,PBANKA_110940,0,0,38,38,5,5,19,18,4,4,5,4,2,2,0,0,0,0,0,0,0,0,0,0,0,0,0,0,0,0,0,0
cgaccataggc,PBANKA_135880,0,0,0,0,0,0,0,0,0,0,0,0,4,4,0,0,0,0,0,0,0,0,0,0,0,0,0,0,0,0,0,0
cgactagtacc,PBANKA_092110,0,0,0,0,0,0,0,0,0,0,0,0,0,0,0,1,0,0,0,0,0,0,0,0,0,0,0,0,0,0,0,0
cgacttttcat,PBANKA_141330,997,942,1300,1248,931,870,1492,1419,3174,3064,2240,2118,2490,2388,3221,3106,1983,1883,5379,5085,8402,7976,4449,4193,1218,1142,3264,3067,1013,966,453,439
cgagattagtc,PBANKA_110130,0,0,0,0,13,13,10,10,7,5,0,0,2,2,3,3,0,0,0,0,0,0,0,0,0,0,0,0,0,0,0,0
cgagtaagaaa,PBANKA_132780,0,0,0,0,0,0,0,0,0,0,0,0,0,0,0,0,0,0,0,0,0,0,0,0,1,0,0,0,0,0,0,0
cgagttagggg,PBANKA_030840,198,177,406,368,197,175,209,188,226,202,227,202,59,58,43,37,36,31,17,17,25,18,16,14,0,0,0,0,0,0,698,644
cgatgtccgga,PBANKA_134130,0,0,0,0,0,0,0,0,0,0,0,0,0,0,0,0,0,0,0,1,0,0,0,0,0,0,0,0,0,0,0,0
cgatttccaaa,PBANKA_083655,767,703,1668,1597,767,730,1511,1400,3444,3285,2031,1900,2490,2335,3153,2992,1902,1790,5857,5375,8108,7586,3990,3704,1565,1461,2983,2774,1239,1176,634,596
cgcacgaaatc,PBANKA_130230,0,0,0,0,0,0,0,0,0,0,0,0,0,0,0,0,0,0,0,0,0,0,0,2,0,0,0,0,0,0,0,0
cgccatcaaaa,PBANKA_111820,0,0,0,0,0,0,0,0,0,0,0,0,0,0,0,0,0,0,0,1,0,0,0,0,0,0,0,0,0,0,0,0
cgcgttttacc,PBANKA_030480,0,0,12,12,3,4,11,11,2,2,0,0,0,0,2,2,1,0,0,0,0,0,0,0,0,0,0,0,0,0,0,0
cgctcgctatt,PBANKA_130420,0,0,0,1,0,1,0,0,0,0,0,0,0,0,0,0,0,0,0,0,0,1,0,0,0,0,0,0,0,0,0,0
cggagtacgtt,PBANKA_103440,102,94,176,166,55,52,179,163,65,56,209,194,78,74,66,62,95,88,102,83,86,75,151,135,2,1,0,0,107,99,52,51
cggcagactta,PBANKA_144780,0,0,24,23,0,0,2,1,0,0,2,2,3,3,2,3,0,0,0,0,0,0,0,0,0,0,0,0,0,0,0,0
cggcggctgct,PBANKA_093070,0,0,0,0,0,0,0,0,0,0,0,0,0,0,0,0,0,0,0,0,0,0,0,0,0,0,0,0,0,0,0,0
cggcgggctcg,PBANKA_114440,57,42,78,58,51,36,18,9,10,6,11,8,11,6,3,3,2,2,7,6,0,0,0,0,0,0,0,0,0,0,509,363
cgggcaggact,PBANKA_010600,67,63,193,179,77,74,153,146,307,291,187,173,238,224,317,306,194,188,393,366,761,715,507,465,0,0,240,224,1,1,610,567
cggtcatcacc,PBANKA_000040,0,0,0,1,0,0,0,0,0,0,0,0,0,0,0,0,0,0,0,0,0,0,0,0,0,0,0,0,0,0,0,0
cggtcccctca,PBANKA_143090,0,0,0,0,0,0,0,0,0,0,0,0,0,0,0,0,0,0,0,0,0,0,0,0,0,0,0,0,0,0,0,0
cggtgaggctt,PBANKA_146370,0,0,0,0,0,0,0,0,0,0,0,0,0,0,0,0,0,0,0,0,0,0,0,0,0,0,0,0,0,0,0,0
cggttctctgc,PBANKA_092820,0,0,17,16,0,0,0,0,0,0,0,0,0,0,0,0,0,0,0,0,0,0,0,0,0,0,0,0,0,0,0,0
cgtattcaaag,PBANKA_143070,0,0,0,0,0,0,0,0,0,0,0,0,0,0,0,0,0,0,0,0,0,0,0,0,0,0,0,0,0,0,0,0
cgtatttattg,PBANKA_040050,823,763,1550,1457,1007,931,1369,1272,2472,2299,1981,1862,1986,1880,2324,2186,1777,1642,3251,2984,5511,5128,3139,2903,736,685,2406,2214,1324,1271,3183,2943
cgtcggacggt,PBANKA_090210,0,0,162,149,108,101,36,33,208,201,180,170,94,87,204,188,148,140,196,178,565,511,250,226,0,0,186,169,154,143,636,604
cgtgaccgctc,PBANKA_144070,20,17,12,12,23,21,0,0,12,12,3,4,2,2,0,0,0,0,2,2,0,0,0,0,0,0,0,0,0,0,327,305
cgttatgtggg,p230p-tag,65,55,115,103,85,78,70,62,55,52,64,63,94,80,32,30,32,30,199,180,73,66,67,62,0,0,179,169,0,0,48,40
cgttcgctata,PBANKA_092910,2188,2057,3740,3545,2011,1892,2864,2700,5758,5450,3627,3477,3444,3296,4536,4303,2413,2262,6019,5632,8928,8423,3996,3710,737,681,4148,3873,716,676,1569,1475
cgttcgttgtt,PBANKA_070120,0,0,0,0,0,0,0,0,0,0,0,0,0,0,0,0,0,1,0,0,0,0,0,0,0,0,0,0,0,0,0,0
ctaagtttcct,PBANKA_071440,0,0,0,0,0,0,0,0,0,0,0,1,0,0,0,0,0,0,0,0,0,0,0,0,0,0,0,0,0,0,0,0
ctacgtcatcg,PBANKA_135380,5,4,75,66,0,0,0,0,0,0,0,0,0,0,3,3,2,2,0,0,0,0,0,0,0,0,0,0,0,0,0,0
ctagaggttta,PBANKA_120200,0,0,0,0,17,15,17,16,0,0,0,0,2,2,0,0,2,2,0,0,0,0,0,0,0,0,0,0,0,0,0,0
ctatccgccac,PBANKA_031360,0,0,0,0,0,0,0,0,0,0,0,0,0,0,0,0,0,0,0,0,0,0,0,0,0,0,60,58,0,0,0,0
ctcacgtagcg,PBANKA_130240,0,0,0,0,0,0,5,5,0,0,0,0,0,0,0,0,0,0,0,0,0,0,0,0,0,0,0,0,0,0,0,0
ctcattcccgt,PBANKA_130470,0,0,0,0,12,11,2,2,14,13,0,0,0,0,0,0,0,0,0,0,0,0,0,0,0,0,0,0,0,0,0,0
ctccaatcagc,PBANKA_090430,0,0,0,0,0,0,0,0,0,0,5,4,0,0,0,0,0,0,0,0,0,0,0,0,0,0,0,0,0,0,0,0
ctccggtggct,PBANKA_100920,0,0,0,0,23,21,17,16,0,0,0,0,0,0,2,2,0,0,0,0,0,0,0,0,0,0,0,0,0,0,0,0
ctcgacatcta,PBANKA_083170,0,0,12,10,0,0,0,0,4,4,0,0,0,0,0,0,2,2,0,0,0,0,0,0,0,0,0,0,0,0,0,0
ctcgagaccag,PBANKA_050590,0,0,0,0,0,0,1,0,5,4,0,0,0,0,0,0,0,0,0,0,0,0,0,0,0,0,0,0,0,0,0,0
ctctacttctg,PBANKA_142590,0,0,0,0,10,10,0,0,0,0,0,0,0,0,2,2,0,0,0,0,0,0,0,0,0,0,0,0,0,0,0,0
ctctcgtcaat,PBANKA_020720,0,0,0,0,0,0,0,0,0,0,0,0,0,0,0,0,0,0,0,0,0,0,0,0,0,0,0,0,0,0,0,0
ctctctctcct,PBANKA_121220,0,0,0,0,0,0,0,0,0,0,0,0,0,0,0,0,0,0,0,0,0,0,0,0,0,0,0,0,0,0,0,0
ctgaatactcg,PBANKA_062320,0,0,0,0,0,0,0,0,0,0,0,0,3,3,0,0,0,0,0,0,0,0,0,0,0,0,0,0,0,0,0,0
ctggccgctaa,PBANKA_041350,0,0,8,9,0,0,0,0,3,4,0,0,0,0,0,0,0,0,0,0,0,0,0,0,0,0,0,0,0,0,0,0
ctggcgcaggc,PBANKA_123310,0,0,17,16,0,0,8,8,0,0,5,5,0,0,0,0,0,0,0,0,0,0,0,0,0,0,0,0,0,0,533,500
ctggtactacc,PBANKA_030650,0,0,0,0,0,0,0,0,0,0,0,0,0,0,0,0,0,0,0,0,0,1,0,0,0,0,0,0,0,0,0,0
cttagctccac,PBANKA_134670,0,0,0,0,0,0,11,10,0,0,0,0,0,0,0,0,0,0,0,0,0,0,0,0,0,0,0,0,0,0,0,0
cttatttgccc,PBANKA_113190,0,0,0,0,0,0,0,0,5,5,0,0,0,0,0,0,0,0,0,0,0,0,0,0,0,0,0,0,0,0,0,0
cttctgacgta,PBANKA_144570,0,0,0,0,0,0,40,37,6,6,0,0,5,4,0,0,1,1,0,0,0,0,0,0,0,0,0,0,0,0,0,0
cttgatgtcag,PBANKA_134820,0,0,0,0,5,5,17,17,0,0,0,0,1,1,0,0,0,0,0,0,0,0,0,0,0,0,0,0,0,0,0,0
cttgctcctgt,PBANKA_112220,0,0,0,0,0,0,0,0,0,0,0,0,0,0,0,0,0,0,0,0,0,1,0,0,0,0,0,0,0,0,0,0
cttggtatcct,PBANKA_136480,0,0,0,0,5,5,21,19,12,10,0,0,0,0,0,0,0,0,0,0,0,0,0,0,0,0,0,0,0,0,0,0
ctttacggaag,PBANKA_103150,110,98,61,54,114,105,269,255,360,340,270,245,375,353,314,287,242,228,840,768,1153,1071,420,392,1,0,710,648,71,63,1141,1066
ctttactgggt,PBANKA_135260,0,0,0,0,14,13,0,0,2,2,0,0,0,0,9,9,0,0,0,0,0,0,0,0,0,0,0,0,0,0,0,0
ctttcagtgta,PBANKA_143700,0,0,5,5,28,25,34,31,0,0,14,14,10,10,2,3,0,0,0,0,0,0,0,0,0,0,0,0,0,0,0,0
ctttcgtccgt,PBANKA_090420,3274,3111,6900,6498,4244,3978,6343,5949,11641,11034,9651,9173,10364,9864,12078,11473,7189,6783,21468,19959,31220,29345,16062,14973,4351,4071,15915,14825,6457,6153,1656,1529
gaaccgtaaat,PBANKA_135780,1,0,33,31,79,72,115,108,20,20,0,0,13,13,0,0,0,0,0,0,0,0,1,1,0,0,0,0,0,0,0,0
gaagatcccca,PBANKA_144770,0,0,57,53,0,0,80,79,6,6,4,4,15,15,0,0,0,0,0,0,0,0,0,0,0,0,0,0,0,0,0,0
gaagctaatgc,PBANKA_041450,3251,3040,2905,2719,1977,1860,1861,1738,3402,3170,3083,2878,1723,1627,1929,1813,1773,1640,2035,1884,2776,2593,1969,1835,927,870,457,416,356,335,665,612
gaatccctctg,PBANKA_102880,0,0,0,0,0,0,3,3,0,0,0,0,1,1,0,0,0,0,0,0,0,0,0,0,0,0,0,0,0,0,0,0
gacatggatca,PBANKA_030790,0,0,0,0,0,0,0,0,0,0,0,0,0,0,0,0,0,0,0,0,0,0,0,0,0,0,0,0,0,0,0,0
gacattcgagg,PBANKA_122540,0,0,0,0,16,11,0,0,0,0,0,0,0,0,2,2,0,0,0,0,3,3,0,0,0,0,0,0,0,0,0,0
gaccgccctct,PBANKA_135150,100,98,231,213,48,46,14,13,33,32,39,40,2,2,11,10,30,27,8,8,13,10,66,61,0,0,0,0,0,0,548,517
gacctgactag,PBANKA_111850,0,0,0,0,0,0,0,0,0,0,0,0,0,1,0,0,0,0,0,0,0,0,0,0,0,0,0,0,0,0,0,0
gacctttgcag,PBANKA_083240,853,806,1536,1474,1463,1374,1254,1169,1998,1894,2336,2232,2022,1931,2065,1934,1857,1760,4556,4272,5135,4879,4430,4134,530,499,2986,2796,120,114,421,400
gacgcttaaag,PBANKA_110350,0,0,0,0,0,0,0,0,0,0,0,0,0,0,0,0,0,0,0,0,0,0,0,0,0,0,0,0,0,0,0,0
gacgggactac,PBANKA_010580,733,708,1576,1501,785,747,1815,1704,3023,2887,2102,2023,2322,2224,2527,2406,1688,1605,4744,4464,6122,5823,4302,4068,916,865,3211,3039,1830,1773,624,600
gacgtcatgtg,PBANKA_142160,0,0,0,0,0,0,0,0,0,0,0,0,0,0,3,3,0,0,0,0,0,0,0,0,0,0,0,0,0,0,0,0
gacgtccccct,PBANKA_071120,0,0,0,0,17,15,4,4,0,0,0,0,0,0,0,0,0,0,0,0,0,0,0,0,0,0,0,0,0,0,0,0
gacgttccaac,PBANKA_092400,0,0,0,0,0,0,0,0,0,0,0,0,0,0,0,0,0,0,0,0,0,1,0,0,0,0,0,0,0,0,0,0
gactcccgggc,PBANKA_102400,351,325,108,102,300,274,38,35,29,29,32,32,6,3,0,0,1,1,0,0,6,4,5,4,0,0,0,0,0,0,1912,1741
gactttaagaa,PBANKA_061310,0,0,0,0,0,0,11,11,8,8,0,0,0,0,0,0,0,0,0,0,0,0,0,0,0,0,0,0,0,0,0,0
gagagagggtg,PBANKA_141450,0,0,0,0,0,0,0,0,0,0,0,0,0,0,2,2,0,0,0,0,0,0,0,0,0,0,0,0,0,0,0,0
gagagggctta,PBANKA_101480,0,0,0,0,0,0,0,0,0,0,0,0,0,0,0,0,0,0,0,0,0,0,0,0,0,0,0,0,0,0,0,0
gagccagtggc,PBANKA_122820,0,0,0,0,0,0,0,0,0,0,0,0,0,0,0,0,0,0,0,0,0,0,0,0,0,0,0,0,0,0,0,0
gagcgagtcaa,PBANKA_112890,0,0,0,0,0,0,0,0,16,17,0,0,0,0,0,0,0,0,0,0,0,0,2,2,0,0,0,0,0,0,0,0
gagtagatctg,PBANKA_093370,55,52,0,0,0,0,0,0,0,0,0,0,0,0,2,2,0,0,0,0,0,0,0,0,0,0,0,0,0,0,0,0
gagtagcccga,PBANKA_113640,0,0,0,0,18,18,0,0,0,0,0,0,0,0,0,0,0,0,0,0,0,0,0,0,0,0,0,0,0,0,0,0
gagtcgcatag,PBANKA_091400,227,206,203,192,106,97,58,53,37,33,193,185,3,3,2,2,187,167,0,0,33,30,299,279,0,0,0,0,0,0,520,482
gagtgtccgta,PBANKA_040790,997,918,228,208,468,453,31,30,77,71,109,102,163,153,27,25,44,40,625,568,77,70,156,142,0,0,1,1,1,1,846,759
gataactcttc,PBANKA_123780,0,0,0,0,0,0,0,0,0,0,0,0,0,0,0,0,0,0,0,0,0,0,0,0,0,0,0,0,0,0,0,0
gatagtttaat,PBANKA_082430,0,0,0,0,0,0,0,0,0,0,0,0,0,0,0,0,5,5,0,0,0,0,0,0,0,0,0,0,0,0,0,0
gatattcctct,PBANKA_145770,160,143,23,23,0,0,0,0,0,0,8,8,0,0,11,8,1,1,0,0,0,0,0,0,0,0,0,0,0,0,0,0
gatcataggtc,PBANKA_040110,0,0,0,0,0,0,0,0,0,0,0,0,0,0,1,0,0,0,2,2,0,0,0,0,0,0,0,0,0,0,0,0
gatcgtagcag,PBANKA_100110,0,0,0,0,0,0,0,0,0,0,0,0,0,0,0,0,0,0,0,0,0,0,0,0,0,0,0,0,0,0,0,0
gatgagggccc,PBANKA_101380,0,0,0,0,0,0,0,0,0,0,0,0,0,0,0,0,0,0,0,0,0,0,0,0,0,0,0,0,0,0,0,0
gatgcaagggg,PBANKA_091490,1575,1453,1718,1578,1387,1271,457,424,696,649,526,477,72,66,40,38,50,49,12,13,11,9,12,12,0,0,2,1,1,1,705,656
gattcatggtc,PBANKA_134810,0,0,0,0,0,1,0,0,0,0,0,0,0,0,0,0,0,0,0,0,0,0,0,0,0,0,0,0,0,0,0,0
gattcccaatt,PBANKA_123360,0,0,0,0,0,0,0,1,0,0,0,0,0,0,0,0,0,0,0,0,0,0,0,0,0,0,0,0,0,0,0,0
gcaatcaatgc,PBANKA_080810,0,0,0,0,0,0,0,0,4,4,0,0,0,0,0,0,0,0,0,0,2,2,0,0,0,0,0,0,0,0,0,0
gcacgacgttc,PBANKA_122110,0,0,0,0,0,0,0,0,0,0,0,0,0,0,0,0,0,0,0,0,0,0,0,0,0,0,0,0,0,0,0,0
gcacgtataac,PBANKA_135680,0,0,0,0,0,0,0,0,0,0,0,0,0,0,0,0,0,1,0,0,0,0,0,0,0,0,0,0,0,0,0,0
gcaggttccgg,PBANKA_130690,0,0,0,0,0,0,7,7,0,0,0,0,0,0,7,7,1,1,1,1,0,0,0,0,0,0,0,0,0,0,0,0
gcagtataata,PBANKA_111770,118,109,196,183,110,104,188,175,336,321,302,289,374,357,295,274,272,261,872,805,648,620,517,480,287,274,144,132,0,0,71,63
gcagtcacttg,PBANKA_050930,297,281,87,84,91,88,59,57,98,93,122,124,59,57,46,42,47,45,75,72,105,100,42,39,0,0,0,0,0,0,665,636
gcagtgctatt,PBANKA_100260,0,0,14,14,17,16,0,0,0,0,0,0,2,2,0,0,1,1,1,1,0,0,0,0,0,0,0,0,0,0,0,0
gcatcaaagcg,PBANKA_094340,299,278,344,307,453,422,224,213,829,791,812,752,427,397,827,777,768,702,1026,964,1818,1715,1468,1336,0,0,1787,1648,925,878,783,732
gcatcagtcct,PBANKA_140580,1240,1139,1630,1548,1422,1320,349,314,686,641,327,298,32,31,44,41,21,20,16,15,10,10,3,3,0,0,0,0,1,1,1819,1690
gcccaattgta,PBANKA_110770,0,0,32,29,27,23,9,9,0,0,0,0,3,2,1,1,1,1,0,0,0,0,0,0,0,0,0,0,0,0,0,0
gcccgacaaac,PBANKA_131980,0,0,0,1,0,0,0,0,0,0,0,0,0,0,0,0,0,0,0,0,0,0,0,0,0,0,0,0,0,0,0,0
gcccggcgggt,PBANKA_130520,0,0,0,0,14,7,0,0,0,0,0,0,0,0,6,6,0,0,0,0,0,0,0,0,0,0,0,0,0,0,0,0
gcccttgagac,PBANKA_136230,0,0,29,27,0,0,0,0,1,1,0,0,0,0,0,0,0,0,0,0,0,0,0,0,0,0,0,0,0,0,0,0
gcctccacgtc,PBANKA_112460,0,0,0,0,0,0,0,0,0,0,0,0,0,0,0,0,0,0,0,0,0,0,0,0,0,0,0,0,0,0,0,0
gccttcaacgg,PBANKA_070620,0,0,0,0,0,0,29,28,0,0,0,0,0,0,0,0,0,0,0,0,0,0,0,0,0,0,0,0,0,0,0,0
gcgcactgcga,PBANKA_060830,0,0,0,0,0,0,0,0,0,0,0,0,0,0,0,0,0,0,0,0,0,1,0,0,0,0,0,0,0,0,0,0
gcgcgcgtacc,PBANKA_100270,0,0,50,46,5,5,2,2,0,0,0,0,0,0,4,3,2,2,1,1,0,0,4,3,0,0,0,0,0,0,275,250
gcggacggcgg,PBANKA_MIT0003,0,0,0,0,0,0,0,0,0,0,0,0,0,0,0,0,0,0,1,0,0,0,0,0,0,0,0,0,0,0,0,0
gcggtcatggc,PBANKA_143170,0,0,0,0,0,0,0,0,0,0,0,1,0,0,0,0,0,0,0,0,0,0,0,0,0,0,0,0,0,0,0,0
gcgtcgtgaag,PBANKA_100220,1,1,28,26,15,14,12,10,0,0,0,0,0,0,1,1,0,0,1,1,0,0,0,0,0,0,0,0,0,0,0,0
gcgtggaggca,PBANKA_101980,0,0,0,0,0,0,0,0,0,0,0,0,0,0,2,3,0,0,0,0,0,0,0,0,0,0,0,0,0,0,0,0
gcgtgtccgta,PBANKA_021170,1,1,0,1,0,1,0,0,0,0,0,0,0,0,0,0,0,0,0,2,0,1,0,0,0,0,0,0,0,0,2,3
gctacacgggc,PBANKA_061750,0,0,0,0,0,0,0,0,2,2,0,0,0,0,0,0,1,1,0,0,0,0,0,0,0,0,0,0,0,0,0,0
gctactagctc,PBANKA_061380,0,0,0,0,0,0,0,0,3,3,0,0,0,0,3,3,0,0,0,0,0,0,0,0,0,0,0,0,0,0,0,0
gctcggactgt,PBANKA_052300,0,0,0,0,0,0,0,0,0,1,0,0,0,0,0,0,0,0,0,0,0,0,0,0,0,0,0,0,0,0,0,0
gctggcgaaat,PBANKA_061610,0,0,0,0,0,0,0,0,0,0,0,0,0,0,0,0,0,0,0,0,0,0,0,0,0,0,0,0,0,0,0,0
gctgggcagtt,PBANKA_146460,0,0,0,0,0,0,0,0,0,0,0,0,0,0,0,0,0,0,0,0,0,0,0,0,0,0,0,0,0,0,0,0
gcttacgtcaa,PBANKA_090710,0,0,0,0,15,13,1,1,0,0,0,0,0,0,0,0,0,0,0,0,0,0,0,0,0,0,0,0,0,0,0,0
gcttttgccct,PBANKA_131900,0,0,0,0,0,0,14,12,0,0,0,0,4,4,0,0,0,0,0,0,0,0,0,0,0,0,0,0,0,0,0,0
ggaagataact,PBANKA_140800,147,128,252,237,201,193,0,0,47,45,8,8,0,0,11,10,3,2,2,1,0,0,7,8,0,0,0,0,0,0,853,800
ggacagtgtga,PBANKA_082330,0,0,0,0,0,0,11,11,0,0,0,0,0,0,0,0,0,0,0,0,0,0,0,0,0,0,0,0,0,0,0,0
ggacatcttat,PBANKA_090590,0,0,0,0,0,0,0,0,0,0,0,0,0,0,0,0,0,0,0,0,0,0,0,0,0,0,0,0,0,0,0,0
ggacgccctgg,PBANKA_134980,0,0,0,0,0,0,1,1,0,0,3,3,0,0,1,1,3,3,0,0,0,0,0,0,0,0,0,0,0,0,0,0
ggagaagttag,PBANKA_131820,0,0,0,0,0,0,0,0,0,0,0,0,0,0,0,0,0,0,0,0,0,0,0,0,0,0,0,0,0,0,0,0
ggagcgggaga,PBANKA_144710,0,0,0,0,35,34,42,39,24,24,0,0,1,1,2,2,2,1,1,1,0,0,0,0,0,0,0,0,0,0,0,0
ggagctagttc,PBANKA_102170,0,1,0,0,0,0,0,0,0,0,0,0,0,0,0,0,0,0,0,0,0,0,0,0,0,0,0,0,0,0,0,0
ggaggaggatg,PBANKA_144560,0,0,0,0,0,0,0,0,0,0,0,0,0,0,1,1,0,0,0,0,0,0,0,0,0,0,0,0,0,0,0,0
ggagtacgcgt,PBANKA_090360,0,0,0,0,0,0,0,0,0,0,0,0,0,0,0,0,0,0,0,0,0,0,0,0,0,0,0,0,0,0,0,1
ggagtcaaagt,PBANKA_140840,2791,2567,1933,1770,1460,1334,372,341,542,503,417,383,65,60,77,70,49,46,18,18,21,19,34,31,0,0,0,0,0,0,609,556
ggagtgaaagt,PBANKA_120170,0,1,0,1,0,2,0,0,1,0,0,0,0,0,0,0,0,0,0,0,0,0,0,0,0,0,0,0,0,0,0,0
ggattccgcgt,PBANKA_132070,104,96,45,43,71,66,9,8,6,6,0,0,0,0,0,0,0,0,0,0,1,1,0,0,0,0,0,0,0,0,536,494
ggcaccctacc,PBANKA_110760,0,0,2,30,4,15,0,10,0,0,0,0,0,0,0,3,0,0,0,0,0,5,0,0,0,0,0,0,0,0,0,0
ggcagtatcga,PBANKA_040230,0,0,0,0,0,0,7,8,0,0,0,0,0,0,0,0,0,0,0,0,0,0,0,0,0,0,0,0,0,0,0,0
ggcagtatggg,PBANKA_121690,0,0,0,0,0,0,0,0,0,0,3,3,0,0,0,0,0,0,0,0,0,0,0,0,0,0,0,0,0,0,0,0
ggccaatttaa,PBANKA_080320,0,0,0,0,0,0,0,0,0,0,0,0,0,0,0,0,0,0,0,0,0,0,0,0,0,0,0,0,0,0,0,0
ggccgttcaag,PBANKA_122580,0,0,0,0,0,0,0,0,0,0,0,0,0,0,0,0,0,0,0,0,0,1,0,0,0,0,0,0,0,0,0,0
ggcgatgtttc,PBANKA_092550,299,280,342,313,257,238,522,473,364,348,428,408,420,392,264,254,321,305,771,713,723,674,583,556,1,1,302,269,780,730,917,842
ggcgcatgcat,PBANKA_102020,43,40,0,0,0,0,12,12,0,0,0,0,0,0,0,0,2,2,0,0,0,0,0,0,0,0,0,0,0,0,0,0
ggcgttctaac,PBANKA_146460,0,0,0,0,0,1,0,0,0,0,0,0,0,0,0,0,0,0,0,0,0,0,0,0,0,0,0,0,0,0,0,0
ggcgtttatct,PBANKA_111860,350,337,630,595,486,465,0,0,118,110,45,41,4,3,27,24,14,13,38,31,200,189,26,25,0,0,0,0,0,0,2104,1951
ggctacagggc,PBANKA_093110,0,0,0,0,0,0,0,0,0,0,0,0,0,0,0,0,0,0,0,0,0,0,0,0,0,0,0,0,0,0,0,1
ggctcgctata,PBANKA_122390,2,2,3,4,1,2,0,4,0,0,0,1,0,0,1,1,0,0,1,2,1,0,0,1,1,1,0,2,0,0,0,0
ggcttttccac,PBANKA_071810,0,0,0,0,0,0,0,0,0,0,16,17,0,0,0,0,0,0,0,0,0,0,0,0,0,0,0,0,0,0,0,0
gggaattaaga,PBANKA_143750,0,0,0,0,0,0,0,0,0,0,0,0,0,0,0,0,0,0,0,0,0,0,0,0,0,0,0,0,0,0,0,0
gggacaaacat,PBANKA_071560,0,0,0,0,0,0,0,0,0,0,0,0,8,8,0,0,0,0,0,0,0,0,0,0,0,0,0,0,0,0,0,0
gggcgaacgag,PBANKA_134640,1770,1635,2128,1969,1933,1792,1599,1471,2357,2152,2821,2646,1859,1733,1772,1648,1868,1733,3184,2909,2973,2762,2842,2577,1009,908,1895,1730,402,359,729,668
gggcgagtgtg,PBANKA_113590,0,0,0,0,0,0,0,0,0,0,0,0,0,0,0,0,0,0,0,1,0,0,0,0,0,0,0,0,0,0,0,0
ggggagacatg,PBANKA_020620,0,0,0,0,0,0,11,10,3,2,0,0,0,0,0,0,0,0,0,0,0,0,0,0,0,0,0,0,0,0,0,0
ggtcgctggtt,PBANKA_140510,0,0,0,0,0,0,0,0,1,1,0,0,0,0,0,0,0,0,0,0,0,0,0,0,0,0,0,0,0,0,0,0
ggtgtcagatc,PBANKA_093530,0,0,85,75,37,33,222,207,17,15,43,37,8,6,3,2,1,1,1,2,0,0,0,0,0,0,0,0,0,0,0,0
ggtgtgcgcta,PBANKA_112330,0,0,0,0,0,0,0,0,0,0,0,0,0,0,0,0,0,0,0,0,0,0,0,0,0,0,0,0,0,0,0,0
ggttaagcttt,PBANKA_123400,0,0,0,1,1,0,0,0,0,0,0,0,0,0,0,0,0,0,0,0,0,0,0,0,0,0,0,0,0,0,0,0
ggttactactg,PBANKA_090315,0,0,0,0,0,0,0,0,0,0,0,0,0,0,0,0,0,0,0,0,0,0,0,0,0,0,0,0,0,0,0,0
gtacagcttgt,PBANKA_061240,83,79,0,0,0,0,0,0,0,0,0,0,0,0,0,0,0,0,0,0,0,0,0,0,0,0,0,0,0,0,0,0
gtactccggtt,PBANKA_070630,0,0,0,0,0,0,0,0,0,0,0,0,8,8,0,0,0,0,0,0,0,0,0,0,0,0,0,0,0,0,0,0
gtactcgtatg,PBANKA_021350,0,0,0,0,0,0,0,0,0,0,0,0,0,0,0,0,0,0,1,1,0,0,0,0,0,0,0,0,0,0,0,0
gtagatcttct,PBANKA_030210,0,0,0,0,0,0,0,0,0,0,0,0,0,0,0,0,0,0,0,0,0,0,0,0,0,0,0,0,0,0,0,0
gtagctaggaa,PBANKA_131070,0,0,18,17,0,0,0,0,0,0,0,0,0,0,0,0,0,0,0,0,0,0,0,0,0,0,0,0,0,0,0,0
gtatatagtta,PBANKA_092180,0,0,0,0,0,0,0,0,0,0,0,0,0,0,1,1,0,0,0,0,0,0,0,0,0,0,0,0,0,0,0,0
gtcacaggaga,PBANKA_103540,0,0,32,27,13,13,71,70,8,6,0,0,5,4,0,0,0,0,0,0,0,0,0,0,0,0,0,0,0,0,0,0
gtccctggtct,PBANKA_102920,150,140,247,232,173,158,33,30,42,35,62,59,0,0,2,1,3,3,0,1,0,0,0,0,0,0,0,0,0,0,757,708
gtccgtctaac,PBANKA_090860,3136,2952,4411,4165,2511,2357,3434,3226,7560,7148,4865,4648,5233,4966,6506,6185,4485,4223,11956,11186,16074,15099,9651,8992,4106,3835,8367,7733,3598,3427,812,756
gtcgcacccga,PBANKA_020890,0,0,0,0,0,0,5,5,0,0,0,0,0,0,0,0,0,0,0,0,0,0,0,0,0,0,0,0,0,0,0,0
gtcggctaggt,PBANKA_114370,245,232,875,808,581,534,752,685,1494,1369,1016,939,932,865,1198,1124,990,915,1840,1676,2838,2572,2427,2183,0,0,2057,1848,1812,1678,729,665
gtctccgtatt,PBANKA_132880,56,54,0,0,0,0,14,13,0,0,0,0,0,0,0,0,1,1,0,0,1,1,0,0,0,0,0,0,0,0,0,0
gtctcttttcg,PBANKA_100850,0,0,0,0,0,0,0,0,0,0,0,0,0,0,0,0,0,0,0,0,0,0,0,0,0,0,0,0,0,0,0,0
gtgacaatccc,PBANKA_135510,0,0,13,13,18,18,15,13,0,0,0,0,5,4,1,1,0,0,0,0,0,0,0,0,0,0,0,0,0,0,0,0
gtgagagtatc,PBANKA_146130,0,0,40,34,36,32,0,0,35,31,0,0,0,0,3,2,0,0,0,0,0,0,0,0,0,0,0,0,0,0,0,0
gtgcaaaacga,PBANKA_041610,0,0,99,90,0,0,0,0,0,0,0,0,0,0,0,0,0,0,0,0,0,0,0,0,0,0,0,0,0,0,0,0
gtgcttatcca,PBANKA_100240,0,0,36,34,16,15,1,1,0,0,0,0,2,2,23,20,0,0,0,0,0,0,1,1,0,0,0,0,0,0,0,0
gttaaaaagga,PBANKA_031290,119,104,76,70,52,46,53,47,29,27,28,25,0,0,12,12,13,11,17,14,22,22,6,6,1,1,0,0,0,0,454,418
gttaacgactt,PBANKA_020710,0,0,0,0,0,0,34,30,0,0,0,0,0,0,1,1,0,0,0,0,0,0,0,0,0,0,0,0,0,0,0,0
gttagctgtcc,PBANKA_052020,0,0,36,34,0,0,11,11,0,0,3,3,5,5,0,0,3,3,0,0,0,0,0,0,0,0,0,0,0,0,0,0
gttcggggtga,PBANKA_050700,0,0,0,0,136,120,24,21,28,28,0,0,0,0,7,6,1,1,6,6,5,4,0,0,0,0,0,0,0,0,954,865
gttgaatcggt,PBANKA_124410,0,0,0,0,0,0,0,0,0,0,0,0,2,2,1,1,0,0,0,0,0,0,0,0,0,0,0,0,0,0,0,0
gttggagtgtg,PBANKA_120560,0,0,0,0,0,1,0,0,0,0,0,0,0,0,0,0,0,0,0,0,0,0,0,0,0,0,0,0,0,0,0,0
gtttaagcttt,PBANKA_135970,0,0,118,110,37,34,14,14,14,12,0,0,0,0,12,11,1,1,1,1,0,0,2,2,0,0,0,0,0,0,1,1
gtttatcgtcc,PBANKA_112270,0,0,0,0,0,0,0,0,0,0,3,3,0,0,2,2,0,0,0,0,0,0,0,0,0,0,0,0,0,0,0,0
gtttgcacatc,PBANKA_041540,0,0,0,0,0,0,0,0,0,0,0,0,0,0,0,0,0,0,0,0,0,0,0,0,0,0,0,0,0,0,1,0
taagactgtat,PBANKA_100210,0,0,2,2,0,0,0,0,0,0,0,0,0,0,8,8,1,1,0,0,0,0,0,0,0,0,0,0,0,0,0,0
taagccaaatt,PBANKA_093550,181,169,48,45,14,14,23,21,23,19,0,0,0,0,0,0,0,0,0,0,2,2,0,0,0,0,0,0,0,0,911,842
taaggaatggt,PBANKA_143320,0,0,0,0,0,0,0,0,0,0,0,0,0,0,0,0,0,0,0,0,0,0,0,1,0,0,0,0,0,0,0,0
taagttatcgt,PBANKA_103230,188,168,306,279,82,77,0,0,0,0,40,39,2,2,6,6,3,3,0,0,5,4,2,2,0,0,0,0,0,0,514,471
taagttcgat,PBANKA_093370,0,0,165,155,85,77,0,0,0,0,5,5,2,2,21,18,0,0,0,0,0,0,0,0,0,0,0,0,0,0,0,0
taataatagcc,PBANKA_146160,0,0,0,0,0,0,0,0,0,0,0,0,0,0,0,0,0,0,0,0,0,0,0,0,0,0,0,0,0,0,0,0
taatagggagc,PBANKA_081070,1,1,38,35,7,7,12,12,0,0,0,0,4,2,4,3,0,0,0,0,5,5,0,0,0,0,0,0,0,0,0,0
taatctattga,PBANKA_130990,23,20,39,37,118,109,183,178,10,9,9,9,14,14,4,4,9,8,0,0,0,0,0,0,0,0,0,0,0,0,0,0
tacagctagcc,PBANKA_144140,761,721,485,488,254,241,347,341,383,375,537,536,488,461,386,370,307,307,803,780,784,751,661,643,1,1,581,569,370,351,202,191
taccaagattc,PBANKA_070210,0,0,0,0,0,0,12,10,0,0,0,0,3,3,0,0,0,0,0,0,0,0,0,0,0,0,0,0,0,0,0,0
tacccccggta,PBANKA_144060,0,0,0,0,39,39,11,10,7,6,13,12,3,2,0,0,1,1,0,0,0,0,0,0,0,0,0,0,0,0,0,0
tacctgatcta,PBANKA_083560,65,62,2,2,25,23,10,9,0,0,9,6,9,8,0,0,0,0,0,0,0,0,2,2,0,0,0,0,0,0,649,613
tacggcgctca,PBANKA_121140,0,0,0,0,0,0,0,1,0,0,0,0,0,0,0,0,0,0,0,0,0,0,0,0,0,0,0,0,0,0,0,0
tactaccatcg,PBANKA_112980,244,230,0,0,18,18,0,0,48,47,1,1,0,0,2,2,0,0,0,0,0,0,0,0,0,0,1,1,0,0,0,1
tactagtcat,PBANKA_136210,0,0,0,0,0,0,0,0,0,0,0,0,0,0,4,3,0,0,0,0,0,0,0,0,0,0,0,0,0,0,0,0
tactggtccgc,PBANKA_112760,0,0,0,0,0,0,0,0,0,0,0,0,0,0,0,0,0,0,0,0,0,0,0,0,0,0,0,0,0,0,0,0
tagatccatct,PBANKA_050530,0,0,0,0,7,7,51,50,0,0,0,0,2,2,2,2,0,0,0,0,0,0,0,0,0,0,0,0,0,0,0,0
tagcaacgagt,PBANKA_021320,0,0,0,0,0,0,0,0,0,0,0,0,0,0,0,0,0,0,0,0,0,0,0,0,0,0,0,0,0,0,0,0
tagcagaagtt,PBANKA_081730,0,0,0,0,0,0,0,0,4,4,0,0,0,0,0,0,0,0,0,0,0,0,1,0,0,0,0,0,0,0,0,0
tagctccctgc,PBANKA_144800,0,0,0,0,7,6,5,5,0,0,0,0,0,0,0,0,0,0,0,0,0,0,0,0,0,0,0,0,0,0,0,0
tagctgaagta,PBANKA_113950,467,438,769,710,547,503,1177,1080,1646,1530,1235,1145,1720,1589,1499,1409,1184,1069,3683,3373,3953,3672,2684,2445,600,545,1231,1127,230,219,700,654
tagctgtaata,PBANKA_010480,0,0,0,0,0,0,0,0,0,0,0,0,0,0,0,0,0,0,0,0,0,0,0,0,0,0,0,0,0,0,0,1
taggacgccgc,PBANKA_080930,31,30,67,69,46,41,0,0,21,22,23,21,2,2,1,1,0,0,0,0,12,12,0,0,0,0,0,0,0,0,223,219
taggtgtatag,PBANKA_133880,0,0,0,0,0,0,0,0,0,0,0,0,3,3,0,0,0,0,0,0,0,0,0,0,0,0,0,0,0,0,0,0
tagtagggtcg,PBANKA_060650,0,0,0,0,0,0,0,0,0,0,0,0,0,0,0,0,0,0,0,0,0,0,0,0,0,0,0,0,0,0,0,0
tagtcaaaaca,PBANKA_140420,0,0,0,0,0,0,0,1,0,0,0,0,0,0,0,0,0,0,0,0,0,0,0,0,0,0,0,0,0,0,0,0
tagtccgatca,PBANKA_141850,1753,1644,2031,1887,1189,1105,2909,2721,3501,3263,2926,2758,4346,4116,3427,3258,2327,2140,9339,8630,8806,8194,5838,5414,2188,2042,2795,2595,1288,1221,629,593
tagtgattctc,PBANKA_114430,0,0,0,0,0,0,0,0,0,0,0,0,8,8,0,0,0,0,0,0,0,0,0,0,0,0,0,0,0,0,0,0
tagttgggatc,PBANKA_020230,103,95,227,212,72,67,27,25,14,12,97,89,55,50,46,44,51,45,60,54,59,52,70,60,0,0,0,0,1,1,657,607
tatcgaccccg,PBANKA_124120,0,0,0,0,28,28,0,0,30,28,4,4,0,0,0,0,2,2,3,3,0,0,0,0,0,0,0,0,0,0,0,0
tatgctcgcac,PBANKA_083020,43,41,0,0,0,0,0,0,0,0,0,0,0,0,0,0,0,0,0,0,0,0,0,0,0,0,0,0,0,0,0,0
tatgtttactg,PBANKA_030610,0,0,0,0,0,0,0,0,3,3,0,0,0,0,0,0,0,0,0,0,0,0,0,0,0,0,0,0,0,0,0,0
tattttaggca,PBANKA_071780,0,0,0,0,0,0,9,9,0,0,0,0,0,0,0,0,0,0,0,1,0,0,0,0,0,0,0,0,0,0,3,2
tcaaacaagcg,PBANKA_136440,0,0,0,0,0,0,2,2,0,0,0,0,0,0,0,0,0,0,0,0,0,0,0,0,0,0,0,0,0,0,0,0
tcaaatccccc,PBANKA_040830,0,0,0,0,0,0,0,0,0,0,0,0,0,0,0,0,0,0,0,0,0,0,0,0,0,0,0,0,0,0,0,0
tcaacaagtag,PBANKA_082960,1141,1042,1094,1011,1523,1407,1269,1163,2119,1964,2801,2589,1646,1519,2164,2014,2658,2433,3870,3497,6269,5740,5166,4719,1539,1398,4266,3840,1798,1673,850,784
tcaagctcaca,PBANKA_131840,0,0,0,0,0,0,0,0,0,0,0,0,0,0,0,0,1,1,0,0,0,0,0,0,0,0,0,0,0,0,0,0
tcacggcgcct,PBANKA_101160,22,21,0,0,0,0,0,0,0,0,0,0,0,0,0,0,0,0,0,0,0,0,0,0,0,0,0,0,0,0,0,0
tcagattcat,PBANKA_146050,0,0,0,0,0,0,0,0,0,0,0,0,0,0,10,9,0,0,0,0,0,0,0,0,0,0,0,0,0,0,0,0
tcagcgagctc,PBANKA_135310,0,0,0,0,0,0,0,0,0,0,0,0,0,0,0,0,0,0,0,0,0,0,0,0,0,1,0,0,0,0,0,0
tcaggaagtta,PBANKA_103830,1692,1572,4153,3889,2015,1880,2769,2582,6061,5709,4729,4427,4346,4098,5802,5447,4326,4030,9804,9114,15152,14140,7422,6842,2192,2007,8266,7600,4173,3921,703,661
tcaggatgtca,PBANKA_021010,0,0,0,0,0,0,0,0,0,0,0,0,0,0,0,0,0,0,0,0,0,0,0,0,0,0,0,0,0,0,0,0
tcaggggccca,PBANKA_145010,58,55,163,146,23,24,0,0,0,0,0,0,0,0,1,1,0,0,0,0,3,3,0,0,0,0,1,1,0,0,638,595
tcagtttcttt,PBANKA_124360,0,0,0,0,0,0,0,0,0,0,0,0,0,0,0,0,0,0,0,0,0,0,0,0,0,0,0,0,0,0,0,0
tcataggtgtt,PBANKA_072090,0,0,88,81,0,0,26,25,4,5,0,0,4,4,3,3,1,1,0,0,0,0,0,0,0,0,0,0,0,0,0,0
tcatcgtgcgg,PBANKA_134960,0,0,0,0,0,0,0,0,0,0,0,0,0,0,0,0,0,0,0,0,0,0,0,0,0,0,0,0,0,0,0,0
tccacgatcgc,PBANKA_021310,5,4,0,0,0,0,0,0,0,0,1,1,0,0,0,0,0,0,0,0,0,0,0,0,0,0,0,0,0,0,0,0
tccgcgcctgc,PBANKA_145600,0,0,0,0,4,4,0,0,0,0,0,0,0,0,0,0,0,0,0,0,0,0,0,0,0,0,0,0,0,0,0,0
tccgtcttat,PBANKA_082710,0,0,0,0,0,0,0,0,0,0,0,0,0,0,3,3,0,0,0,0,0,0,0,0,0,0,0,0,0,0,0,0
tcctactctcc,PBANKA_120060,44,44,0,0,0,0,0,0,0,0,0,0,0,0,0,0,0,0,0,0,0,0,0,0,0,0,0,0,0,0,0,0
tcctcagtgat,PBANKA_140300,0,0,0,0,0,0,6,6,0,0,0,0,0,0,0,0,0,0,0,0,0,0,0,0,0,0,0,0,0,0,0,0
tcgactctctt,PBANKA_142020,0,0,0,0,0,0,0,0,0,0,0,0,2,2,0,0,0,0,0,0,0,0,0,0,0,0,0,0,0,0,0,0
tcgagcgtat,PBANKA_093300,0,0,0,0,0,0,0,0,0,0,0,0,0,0,1,1,0,0,1,1,0,0,0,0,0,0,0,0,0,0,0,0
tcgcagggagc,PBANKA_051300,0,0,0,0,0,1,0,0,0,0,0,0,0,0,0,0,0,0,0,0,0,0,0,0,0,0,0,0,0,0,0,0
tcgcatagtcc,PBANKA_050440,0,0,0,0,0,0,0,0,5,5,0,0,0,0,5,5,0,0,0,0,0,0,0,0,0,0,0,0,0,0,0,0
tcgccgggttt,PBANKA_135860,0,0,0,0,0,0,0,0,0,0,0,0,0,0,0,0,0,0,0,0,0,0,0,0,0,0,0,0,0,0,0,0
tcgctacacat,PBANKA_100010,0,0,0,0,0,0,0,0,0,0,0,0,0,0,0,0,0,0,0,0,0,0,0,0,0,0,0,0,0,0,0,0
tcgctggctgg,PBANKA_134940,0,0,34,31,16,16,0,0,0,0,0,0,2,2,0,0,0,0,0,0,0,0,0,0,0,0,0,0,0,0,0,0
tcgctgtgagc,PBANKA_134020,0,0,0,0,9,9,0,0,0,0,0,0,0,0,0,0,0,0,0,0,0,0,0,0,0,0,0,0,0,0,0,0
tcggaaccgat,PBANKA_102650,30,28,91,87,36,31,0,0,45,43,15,13,7,7,15,13,7,7,22,21,20,16,17,16,0,0,0,0,0,0,692,646
tcggacggttg,PBANKA_134540,0,0,4,3,49,46,5,5,8,6,1,1,6,6,1,1,1,1,0,0,0,0,0,0,0,0,0,0,0,0,0,0
tcggagggtcc,PBANKA_123320,1721,1595,1990,1832,1114,1026,1975,1811,3520,3245,3579,3300,2722,2506,3411,3190,2851,2603,5849,5310,8810,8070,6752,6067,2041,1881,4979,4482,2053,1903,691,646
tcggatggtac,PBANKA_091830,0,0,0,0,0,0,0,0,0,0,0,0,0,0,0,0,0,1,0,0,0,0,1,0,0,0,0,1,0,0,0,0
tcgggccgtta,PBANKA_041750,0,0,0,0,0,0,0,0,0,0,0,0,0,0,0,0,0,0,0,0,0,0,0,0,0,0,0,0,0,0,0,0
tcgggcggcac,PBANKA_060280,269,260,119,119,25,24,55,53,24,25,26,28,36,36,5,5,4,4,55,57,30,26,0,0,162,154,0,0,0,0,483,473
tcgtcgcttac,PBANKA_010200,0,0,0,0,0,0,0,0,0,0,0,0,0,0,0,0,0,0,0,0,0,0,0,0,0,0,0,0,0,0,0,0
tcgtgcgacag,PBANKA_092600,0,0,0,0,0,0,0,0,0,0,0,0,0,0,0,0,0,0,0,0,0,0,0,0,0,0,0,0,0,0,0,0
tcgttgtagga,PBANKA_080280,0,0,0,0,50,45,0,0,0,0,0,0,3,3,0,0,0,0,0,0,0,0,0,0,0,0,0,0,0,0,0,0
tcgttgtcttc,PBANKA_144370,0,0,0,0,2,3,20,20,0,0,0,0,0,0,0,0,2,2,0,0,0,0,0,0,0,0,0,0,0,0,0,0
tctaggcgcac,PBANKA_130410,0,0,20,20,16,14,30,32,1,1,6,7,8,8,0,0,1,1,0,0,0,0,0,0,0,0,0,0,0,0,0,0
tctcaagggtc,PBANKA_020010,0,0,0,0,0,0,0,0,9,8,0,0,0,0,0,0,0,0,0,0,0,0,0,0,0,0,0,0,0,0,0,0
tctcggttatg,PBANKA_140780,33,32,0,0,98,89,5,5,13,13,12,12,30,29,6,6,4,4,18,15,0,0,0,0,0,0,0,0,0,0,386,362
tctctgaatca,PBANKA_122990,0,0,0,0,0,0,0,0,26,26,0,0,0,0,0,0,0,0,0,0,0,0,0,0,0,0,0,0,0,0,0,0
tctgctgtat,PBANKA_082690,0,0,0,0,0,0,0,0,0,0,0,0,0,0,1,1,0,0,0,0,0,0,0,0,0,0,0,0,0,0,0,0
tgaaggtaata,PBANKA_091190,0,0,0,0,0,0,10,9,0,0,0,0,3,3,0,0,0,0,0,0,0,0,0,0,0,0,0,0,0,0,0,0
tgaccactat,PBANKA_031030,0,0,0,0,0,0,0,0,0,0,0,0,0,0,1,1,0,0,0,0,0,0,0,0,0,0,0,0,0,0,0,0
tgactcaagcc,PBANKA_135040,0,0,0,0,6,6,9,9,7,7,0,0,0,0,0,0,0,0,0,0,0,0,0,0,0,0,0,0,0,0,0,0
tgatacgtat,PBANKA_080560,0,0,0,0,0,0,0,0,0,0,0,0,0,0,3,3,0,0,0,0,0,0,0,0,0,0,0,0,0,0,0,0
tgcaaatgact,PBANKA_100480,0,0,88,81,29,27,131,117,7,8,5,5,9,7,6,6,4,3,0,0,0,0,0,0,0,0,0,0,0,0,0,0
tgccagcggac,PBANKA_061670,0,0,0,0,0,0,0,0,5,4,0,0,0,0,4,3,0,0,0,0,0,0,0,0,0,0,0,0,0,0,0,0
tgcccctgggc,PBANKA_081920,0,0,0,0,0,0,8,7,0,0,0,0,0,0,0,0,0,0,0,0,0,0,0,0,0,0,0,0,0,0,0,0
tgccttgtatg,PBANKA_051490,137,131,178,167,133,124,104,97,95,86,94,89,35,34,31,28,40,38,16,16,55,54,100,95,623,576,442,416,649,599,50,46
tgcgtagcaga,PBANKA_144600,0,0,0,0,15,13,0,0,0,0,0,0,0,0,0,0,0,0,0,0,0,0,0,0,0,0,0,0,0,0,0,0
tgctaataagg,PBANKA_060480,0,0,0,0,0,0,0,0,0,0,0,0,0,0,0,0,0,0,0,0,0,0,1,0,0,0,1,0,0,0,0,0
tgctacgtaat,PBANKA_083100,0,0,46,40,0,0,0,0,0,0,0,0,0,0,0,0,0,0,0,0,6,5,0,0,0,0,0,0,0,0,788,723
tgctgctagtt,PBANKA_130560,1107,1027,1981,1823,1614,1486,1832,1685,4105,3790,2629,2441,2530,2350,3176,2965,1588,1462,4057,3679,7304,6761,4062,3735,821,749,4628,4245,182,171,477,452
tgctgggctaa,PBANKA_092270,0,0,0,0,0,0,0,0,0,0,0,0,0,0,0,0,0,0,0,0,0,0,0,0,0,0,0,0,0,0,0,0
tgctgtagaat,PBANKA_114420,0,0,41,41,12,11,18,16,5,4,0,0,0,0,1,1,1,1,0,0,1,1,0,0,0,0,0,0,0,0,0,0
tggagtgctca,PBANKA_102780,0,0,0,0,10,9,74,65,6,4,0,0,0,0,0,0,1,1,0,0,0,0,0,0,0,0,0,0,0,0,0,0
tggatttgcat,PBANKA_112770,0,0,0,0,0,0,0,0,0,0,0,0,0,0,0,0,0,0,0,0,0,0,1,0,0,0,0,0,0,0,0,0
tggcgccgtga,PBANKA_010020,0,0,63,58,73,68,157,144,35,30,30,25,25,21,7,7,4,4,0,0,0,0,0,0,0,0,0,0,0,0,0,0
tggcgcctaat,PBANKA_094110,0,0,0,0,11,11,0,0,0,0,0,0,0,0,0,0,0,0,0,0,0,0,0,0,0,0,0,0,0,0,0,0
tggcgctcccc,PBANKA_130860,0,0,0,0,0,0,6,6,0,0,0,0,2,2,1,1,0,0,0,0,0,0,0,0,0,0,0,0,0,0,0,0
tggctctttcg,PBANKA_113930,0,0,0,0,0,0,0,0,0,0,0,0,0,0,0,0,0,0,0,0,0,0,0,0,0,0,0,0,0,0,0,0
tgggagactgt,PBANKA_124390,0,0,0,0,0,0,13,13,0,0,0,0,0,0,0,0,0,0,0,0,0,0,0,0,0,0,0,0,0,0,0,0
tggtgtaactg,PBANKA_122500,0,0,0,0,0,0,0,0,0,0,0,0,0,0,1,1,0,0,0,0,0,0,0,0,0,0,0,0,0,0,0,0
tggttagtgtg,PBANKA_091210,0,0,0,0,0,0,0,0,0,0,0,0,0,0,1,1,0,0,0,0,0,0,0,0,0,0,0,0,0,0,0,0
tgtccggtgcc,PBANKA_092660,0,0,0,0,0,0,11,10,0,0,0,0,0,0,0,0,1,1,0,0,0,0,0,0,0,0,0,0,0,0,0,0
tgtcctaaaga,PBANKA_121950,0,0,73,66,12,11,11,10,27,27,0,0,5,5,6,6,1,1,0,0,0,0,2,2,0,0,0,0,0,0,0,0
tgtccttacga,PBANKA_070800,0,0,0,0,0,0,0,0,0,0,0,0,0,0,0,0,0,0,0,0,0,0,0,0,0,0,0,0,0,0,0,0
tgtgaattggg,PBANKA_131350,0,0,0,0,0,0,0,0,0,0,0,0,0,0,0,0,0,0,0,0,0,0,0,0,0,0,0,0,0,0,0,0
tgtgggtctcg,PBANKA_132700,0,0,0,0,0,0,0,0,0,0,0,0,0,0,1,1,0,0,0,0,0,0,0,0,0,0,0,0,0,0,0,0
tgttcaccggg,PBANKA_121880,0,0,13,12,0,0,5,4,10,10,0,0,0,0,0,0,0,0,0,0,0,0,0,0,0,0,0,0,0,0,0,0
ttaattgcgac,PBANKA_121260,110,108,360,335,75,73,159,147,119,112,15,13,34,33,52,50,10,10,1,1,0,0,7,5,0,0,0,0,0,0,0,0
ttacatgctgg,PBANKA_145700,0,0,0,0,0,0,0,0,0,0,0,0,0,0,0,0,0,0,0,0,0,0,0,0,0,0,0,0,0,0,0,0
ttaccaagatg,PBANKA_140990,145,133,18,14,0,0,12,12,0,0,20,18,1,1,0,0,6,5,0,0,0,0,5,5,0,0,0,0,0,0,689,642
ttacccgcagc,PBANKA_134450,0,0,45,43,17,16,9,8,0,0,0,0,4,4,0,0,0,0,0,0,0,0,0,0,0,0,0,0,0,0,0,0
ttacccgtgaa,PBANKA_081490,0,0,0,0,0,0,0,0,0,0,0,0,0,0,1,1,0,0,0,0,0,0,0,0,0,0,0,0,0,0,0,0
ttagcaagatg,PBANKA_110550,0,0,0,0,0,0,0,1,0,0,0,0,0,0,0,0,0,0,0,0,0,0,0,0,0,0,0,0,0,0,0,0
ttataaaattg,PBANKA_010010,0,0,0,0,0,0,0,0,0,0,0,0,0,0,0,0,0,0,0,0,0,0,0,0,0,0,0,0,0,0,0,0
ttataagtcta,PBANKA_080690,0,0,0,0,0,0,0,0,0,0,0,0,0,0,0,0,0,0,0,0,0,0,1,1,0,0,0,0,0,0,0,0
ttatatatagt,PBANKA_030450,0,0,0,0,0,0,0,0,0,0,0,0,0,0,0,0,0,0,0,0,0,0,0,0,0,0,0,0,0,0,0,0
ttatccaaggg,PBANKA_111920,0,0,0,0,0,0,0,0,0,0,0,0,0,0,0,0,0,0,0,0,0,0,0,0,0,0,0,0,0,0,0,0
ttatggcactg,PBANKA_071260,0,0,0,0,12,12,16,15,0,0,0,0,1,1,0,0,0,0,0,0,0,0,0,0,0,0,0,0,0,0,0,0
ttcactgcatg,PBANKA_091300,0,0,0,0,0,0,0,0,0,0,0,0,10,10,0,0,0,0,13,13,0,0,0,0,0,0,0,0,0,0,4,4
ttcatccccag,PBANKA_140330,0,0,0,0,9,8,45,39,0,0,0,0,4,4,0,0,1,0,0,0,0,0,0,0,0,0,0,0,0,0,0,0
ttcatgagcat,PBANKA_143520,0,0,42,43,0,0,14,12,12,12,2,2,0,0,0,0,1,1,0,0,0,0,0,0,0,0,0,0,0,0,0,0
ttcatgttggg,PBANKA_134120,0,0,57,51,34,29,39,35,7,7,6,6,0,0,1,1,0,0,0,0,0,0,0,0,0,0,0,0,0,0,0,0
ttccaccttac,PBANKA_030600-ko,38,37,78,78,2,2,6,7,0,0,0,0,0,0,4,4,0,0,3,4,5,5,1,1,0,0,0,0,0,0,91,89
ttcccagggcc,PBANKA_092730,0,0,0,0,0,0,4,2,8,4,7,7,0,0,0,0,0,0,0,0,0,0,0,0,0,0,0,0,0,0,0,0
ttccctattac,PBANKA_111550,0,0,0,0,0,0,0,0,0,0,0,0,0,0,0,0,0,1,0,0,0,0,0,0,0,0,0,0,0,0,0,0
ttcctcctagt,PBANKA_131690,0,0,0,0,0,0,0,0,0,1,0,0,0,0,0,0,0,0,0,0,0,0,0,0,0,0,0,0,0,0,0,0
ttcctcggatc,PBANKA_101050,0,0,62,55,14,13,0,0,13,11,4,4,0,0,2,2,0,0,0,0,0,0,0,0,0,0,0,0,0,0,0,0
ttcgggatacg,PBANKA_093290,0,0,24,25,0,0,0,0,0,0,0,0,0,0,0,0,0,0,0,0,0,0,0,0,0,0,0,0,0,0,0,0
ttcggtatcgg,PBANKA_133810,50,43,87,75,0,0,10,10,0,0,2,2,3,3,4,4,1,1,0,0,0,0,0,0,0,0,0,0,0,0,0,0
ttctagttcat,PBANKA_010550,0,0,0,0,0,0,0,0,0,0,0,0,2,2,0,0,0,0,0,0,0,0,0,0,0,0,0,0,0,0,0,0
ttctgtgtat,PBANKA_144560,0,0,0,0,0,0,0,0,0,0,0,0,0,0,0,0,0,0,0,0,0,0,0,0,0,0,0,0,0,0,0,0
ttcttctaccg,PBANKA_094160,22,21,0,0,28,27,26,24,0,0,0,0,0,0,0,0,0,0,0,0,0,0,0,0,0,0,0,0,0,0,0,0
ttgccggccga,PBANKA_124210,0,0,0,0,0,0,1,1,0,0,0,0,0,0,0,0,0,0,0,0,0,0,0,0,0,0,0,0,0,0,0,0
ttgcgactttc,PBANKA_011110,0,0,20,19,0,0,0,0,0,0,0,0,0,0,0,0,0,0,0,0,0,0,0,0,0,0,0,0,0,0,0,0
ttgctccgagt,PBANKA_090620,2259,2097,2096,1940,1095,1009,2492,2332,3794,3537,1854,1731,2563,2408,2993,2800,1541,1426,5273,4839,6617,6144,3099,2841,1679,1522,2868,2605,1742,1639,599,543
ttgctgtcggc,PBANKA_111510,0,0,0,0,0,0,0,0,4,3,0,0,0,0,0,0,0,0,0,0,0,0,0,0,0,0,0,0,0,0,0,0
ttgctttagct,PBANKA_100150,0,0,0,0,0,0,0,0,0,0,0,0,0,0,0,0,0,0,0,0,0,0,0,0,0,0,0,0,0,0,0,0
ttggggtgaca,PBANKA_092640,125,120,45,39,19,17,12,11,24,24,12,10,3,2,90,85,0,0,5,5,0,0,0,0,0,0,0,0,0,0,0,0
ttgtgaaagtt,PBANKA_142380,0,0,26,23,0,0,118,111,22,19,2,2,15,14,1,0,4,4,0,0,1,0,0,0,0,0,0,0,0,0,0,0
tttagcgttgg,PBANKA_142680,0,0,0,0,0,0,0,0,0,0,0,0,0,0,0,0,0,0,0,0,0,0,0,0,0,0,0,0,0,0,0,0
tttaggaacta,PBANKA_120310,0,0,0,0,23,21,0,0,4,4,7,7,8,7,1,1,1,1,0,0,0,0,0,0,0,0,0,0,0,0,0,0
tttattattca,PBANKA_135830,0,0,35,33,0,0,37,36,0,0,0,0,5,5,0,0,0,0,0,0,0,0,0,0,0,0,0,0,0,0,0,0
tttctgtagac,PBANKA_041040,0,0,40,39,0,0,10,10,7,7,0,0,0,0,0,0,0,0,0,0,0,0,0,0,0,0,0,0,0,0,0,0
tttgacagggg,PBANKA_051770,0,0,0,0,0,0,0,0,0,0,2,2,0,0,0,0,0,0,1,1,0,0,0,0,0,0,0,0,0,0,0,0
tttgattttat,PBANKA_030600,0,0,0,0,0,0,6,4,0,0,0,0,0,0,0,0,0,0,0,0,0,0,0,0,0,0,0,0,0,0,0,0
